k,w_pass,w_wrong,w_err,trivial_pass_factor,w_ndcg_at_10,w_mrr_at_10,ndcg_at_10,mrr_at_10
10,0.1,0.0,0.0,1.0,0.9080820761497518,0.8977736506138059,0.8403781192905028,0.831859080841639
10,0.1,0.0,0.0,0.5,0.9080820761497518,0.8977736506138059,0.8403781192905028,0.831859080841639
10,0.1,0.0,0.0,0.1,0.9057744104722665,0.8946480287732711,0.8378517522950709,0.8284676079734219
10,0.1,0.0,0.05,1.0,0.9140567113414696,0.9054444738684811,0.8424124461489955,0.834544573643411
10,0.1,0.0,0.05,0.5,0.9140567113414696,0.9054444738684811,0.8424124461489955,0.834544573643411
10,0.1,0.0,0.05,0.1,0.9140239761091833,0.9054008268920998,0.8409589577769024,0.8326065891472869
10,0.1,0.05,0.0,1.0,0.9081136471495207,0.8978151152413683,0.8417799141718806,0.8337001661129568
10,0.1,0.05,0.0,0.5,0.9081136471495207,0.8978151152413683,0.8417799141718806,0.8337001661129568
10,0.1,0.05,0.0,0.1,0.9058059814720355,0.8946894934008337,0.8392535471764488,0.8303086932447397
10,0.1,0.05,0.05,1.0,0.914087276766503,0.9054837561472246,0.8437695921587199,0.8362887596899224
10,0.1,0.05,0.05,0.5,0.914087276766503,0.9054837561472246,0.8437695921587199,0.8362887596899224
10,0.1,0.05,0.05,0.1,0.9140545415342171,0.9054401091708432,0.8423161037866269,0.8343507751937984
10,0.1,0.1,0.0,1.0,0.8964715030006694,0.8824337908942891,0.83694070465477,0.8273532668881506
10,0.1,0.1,0.0,0.5,0.8964715030006694,0.8824337908942891,0.83694070465477,0.8273532668881506
10,0.1,0.1,0.0,0.1,0.8941638373231843,0.8793081690537544,0.834414337659338,0.8239617940199335
10,0.1,0.1,0.05,1.0,0.9113270907086527,0.9017430721396221,0.8430256297934202,0.8352228682170543
10,0.1,0.1,0.05,0.5,0.9113270907086527,0.9017430721396221,0.8430256297934202,0.8352228682170543
10,0.1,0.1,0.05,0.1,0.9112943554763666,0.9016994251632406,0.8415721414213272,0.8332848837209301
10,0.3,0.0,0.0,1.0,0.908114811382038,0.8978172975901874,0.8418316076625958,0.8337970653377631
10,0.3,0.0,0.0,0.5,0.908114811382038,0.8978172975901874,0.8418316076625958,0.8337970653377631
10,0.3,0.0,0.0,0.1,0.908114811382038,0.8978172975901874,0.8418316076625958,0.8337970653377631
10,0.3,0.0,0.05,1.0,0.9140894465737557,0.9054881208448629,0.8438659345210885,0.8364825581395349
10,0.3,0.0,0.05,0.5,0.9140894465737557,0.9054881208448629,0.8438659345210885,0.8364825581395349
10,0.3,0.0,0.05,0.1,0.9140894465737557,0.9054881208448629,0.8438659345210885,0.8364825581395349
10,0.3,0.05,0.0,1.0,0.9081136471495207,0.8978151152413683,0.8417799141718806,0.8337001661129568
10,0.3,0.05,0.0,0.5,0.9081136471495207,0.8978151152413683,0.8417799141718806,0.8337001661129568
10,0.3,0.05,0.0,0.1,0.9081136471495207,0.8978151152413683,0.8417799141718806,0.8337001661129568
10,0.3,0.05,0.05,1.0,0.914087276766503,0.9054837561472246,0.8437695921587199,0.8362887596899224
10,0.3,0.05,0.05,0.5,0.914087276766503,0.9054837561472246,0.8437695921587199,0.8362887596899224
10,0.3,0.05,0.05,0.1,0.914087276766503,0.9054837561472246,0.8437695921587199,0.8362887596899224
10,0.3,0.1,0.0,1.0,0.8964715030006694,0.8824337908942891,0.83694070465477,0.8273532668881506
10,0.3,0.1,0.0,0.5,0.8964715030006694,0.8824337908942891,0.83694070465477,0.8273532668881506
10,0.3,0.1,0.0,0.1,0.8964715030006694,0.8824337908942891,0.83694070465477,0.8273532668881506
10,0.3,0.1,0.05,1.0,0.9113270907086527,0.9017430721396221,0.8430256297934202,0.8352228682170543
10,0.3,0.1,0.05,0.5,0.9113270907086527,0.9017430721396221,0.8430256297934202,0.8352228682170543
10,0.3,0.1,0.05,0.1,0.9113270907086527,0.9017430721396221,0.8430256297934202,0.8352228682170543
10,1.0,0.0,0.0,1.0,0.908114811382038,0.8978172975901874,0.8418316076625958,0.8337970653377631
10,1.0,0.0,0.0,0.5,0.908114811382038,0.8978172975901874,0.8418316076625958,0.8337970653377631
10,1.0,0.0,0.0,0.1,0.908114811382038,0.8978172975901874,0.8418316076625958,0.8337970653377631
10,1.0,0.0,0.05,1.0,0.9140894465737557,0.9054881208448629,0.8438659345210885,0.8364825581395349
10,1.0,0.0,0.05,0.5,0.9140894465737557,0.9054881208448629,0.8438659345210885,0.8364825581395349
10,1.0,0.0,0.05,0.1,0.9140894465737557,0.9054881208448629,0.8438659345210885,0.8364825581395349
10,1.0,0.05,0.0,1.0,0.9081136471495207,0.8978151152413683,0.8417799141718806,0.8337001661129568
10,1.0,0.05,0.0,0.5,0.9081136471495207,0.8978151152413683,0.8417799141718806,0.8337001661129568
10,1.0,0.05,0.0,0.1,0.9081136471495207,0.8978151152413683,0.8417799141718806,0.8337001661129568
10,1.0,0.05,0.05,1.0,0.914087276766503,0.9054837561472246,0.8437695921587199,0.8362887596899224
10,1.0,0.05,0.05,0.5,0.914087276766503,0.9054837561472246,0.8437695921587199,0.8362887596899224
10,1.0,0.05,0.05,0.1,0.914087276766503,0.9054837561472246,0.8437695921587199,0.8362887596899224
10,1.0,0.1,0.0,1.0,0.8964715030006694,0.8824337908942891,0.83694070465477,0.8273532668881506
10,1.0,0.1,0.0,0.5,0.8964715030006694,0.8824337908942891,0.83694070465477,0.8273532668881506
10,1.0,0.1,0.0,0.1,0.8964715030006694,0.8824337908942891,0.83694070465477,0.8273532668881506
10,1.0,0.1,0.05,1.0,0.9113270907086527,0.9017430721396221,0.8430256297934202,0.8352228682170543
10,1.0,0.1,0.05,0.5,0.9113270907086527,0.9017430721396221,0.8430256297934202,0.8352228682170543
10,1.0,0.1,0.05,0.1,0.9113270907086527,0.9017430721396221,0.8430256297934202,0.8352228682170543
20,0.1,0.0,0.0,1.0,0.9140312286652285,0.9028070160967987,0.8744145668173062,0.860686600221484
20,0.1,0.0,0.0,0.5,0.9163012835661142,0.9058835350889042,0.8752709647110946,0.8618978405315615
20,0.1,0.0,0.0,0.1,0.9139702968386049,0.9027470015042742,0.8717091117066278,0.8580218715393133
20,0.1,0.0,0.05,1.0,0.9200403275128012,0.9105231230894701,0.8779791263806472,0.8653827519379845
20,0.1,0.0,0.05,0.5,0.9223103824136867,0.9135996420815754,0.8788355242744356,0.8665939922480621
20,0.1,0.0,0.05,0.1,0.9222543261313768,0.9135450833610986,0.8763465498933076,0.864171511627907
20,0.1,0.05,0.0,1.0,0.9140915015034394,0.902886671828695,0.8770907619555305,0.8642234219269103
20,0.1,0.05,0.0,0.5,0.9163664319486384,0.905968646692848,0.8781636405788692,0.8656769102990033
20,0.1,0.05,0.0,0.1,0.9140502782504821,0.902833931732234,0.8752603940415496,0.8618816906607605
20,0.1,0.05,0.05,1.0,0.9201185199847474,0.9106071435190044,0.8814509773748864,0.8691133720930233
20,0.1,0.05,0.05,0.5,0.9223934504299466,0.9136891183831575,0.8825238559982251,0.8705668604651163
20,0.1,0.05,0.05,0.1,0.9223558396533469,0.9136400155347282,0.8808538868965816,0.8683866279069768
20,0.1,0.1,0.0,1.0,0.9024458534097682,0.8875016063122115,0.8720959725724279,0.8577104097452936
20,0.1,0.1,0.0,0.5,0.9047207838549673,0.8905835811763646,0.8731688511957667,0.8591638981173866
20,0.1,0.1,0.0,0.1,0.9024055752151842,0.8874497755277587,0.8703075665221731,0.8554090531561462
20,0.1,0.1,0.05,1.0,0.9173537952889484,0.9068610036393542,0.8805054933760792,0.8678052325581395
20,0.1,0.1,0.05,0.5,0.9196287257341473,0.9099429785035072,0.8815783719994177,0.8692587209302325
20,0.1,0.1,0.05,0.1,0.9195931213405345,0.9098960580038972,0.8799974890027934,0.8671753875968993
20,0.3,0.0,0.0,1.0,0.9141737273692297,0.9029979716184677,0.8807417010650161,0.8691652823920265
20,0.3,0.0,0.0,0.5,0.9141737273692297,0.9029979716184677,0.8807417010650161,0.8691652823920265
20,0.3,0.0,0.0,0.1,0.9164411148521309,0.9060717626745494,0.881479662010193,0.8702553986710964
20,0.3,0.0,0.05,1.0,0.9201500909845164,0.9106704316347577,0.8828527722562641,0.8719234496124031
20,0.3,0.0,0.05,0.5,0.9201500909845164,0.9106704316347577,0.8828527722562641,0.8719234496124031
20,0.3,0.0,0.05,0.1,0.9224174784674173,0.9137442226908391,0.883590733201441,0.8730135658914728
20,0.3,0.05,0.0,1.0,0.9141725631367126,0.9029957892696486,0.8806900075743009,0.8690683831672205
20,0.3,0.05,0.0,0.5,0.9141725631367126,0.9029957892696486,0.8806900075743009,0.8690683831672205
20,0.3,0.05,0.0,0.1,0.9164474935819116,0.9060777641338017,0.8817628861976399,0.8705218715393135
20,0.3,0.05,0.05,1.0,0.9201668463857344,0.9106726139835766,0.8835967346215639,0.8720203488372094
20,0.3,0.05,0.05,0.5,0.9201668463857344,0.9106726139835766,0.8835967346215639,0.8720203488372094
20,0.3,0.05,0.05,0.1,0.9224417768309335,0.9137545888477296,0.8846696132449027,0.8734738372093024
20,0.3,0.1,0.0,1.0,0.9025269150430414,0.8876107237531653,0.8756952181911984,0.8625553709856035
20,0.3,0.1,0.0,0.5,0.9025269150430414,0.8876107237531653,0.8756952181911984,0.8625553709856035
20,0.3,0.1,0.0,0.1,0.9048018454882405,0.8906926986173185,0.8767680968145372,0.8640088593576966
20,0.3,0.1,0.05,1.0,0.9174021216899354,0.9069264741039266,0.8826512506227566,0.8707122093023255
20,0.3,0.1,0.05,0.5,0.9174021216899354,0.9069264741039266,0.8826512506227566,0.8707122093023255
20,0.3,0.1,0.05,0.1,0.9196770521351344,0.9100084489680796,0.8837241292460956,0.8721656976744185
20,1.0,0.0,0.0,1.0,0.9141737273692297,0.9029979716184677,0.8807417010650161,0.8691652823920265
20,1.0,0.0,0.0,0.5,0.9141737273692297,0.9029979716184677,0.8807417010650161,0.8691652823920265
20,1.0,0.0,0.0,0.1,0.9141737273692297,0.9029979716184677,0.8807417010650161,0.8691652823920265
20,1.0,0.0,0.05,1.0,0.9201500909845164,0.9106704316347577,0.8828527722562641,0.8719234496124031
20,1.0,0.0,0.05,0.5,0.9201500909845164,0.9106704316347577,0.8828527722562641,0.8719234496124031
20,1.0,0.0,0.05,0.1,0.9201500909845164,0.9106704316347577,0.8828527722562641,0.8719234496124031
20,1.0,0.05,0.0,1.0,0.9141725631367126,0.9029957892696486,0.8806900075743009,0.8690683831672205
20,1.0,0.05,0.0,0.5,0.9141725631367126,0.9029957892696486,0.8806900075743009,0.8690683831672205
20,1.0,0.05,0.0,0.1,0.9141725631367126,0.9029957892696486,0.8806900075743009,0.8690683831672205
20,1.0,0.05,0.05,1.0,0.9201668463857344,0.9106726139835766,0.8835967346215639,0.8720203488372094
20,1.0,0.05,0.05,0.5,0.9201668463857344,0.9106726139835766,0.8835967346215639,0.8720203488372094
20,1.0,0.05,0.05,0.1,0.9201668463857344,0.9106726139835766,0.8835967346215639,0.8720203488372094
20,1.0,0.1,0.0,1.0,0.9025269150430414,0.8876107237531653,0.8756952181911984,0.8625553709856035
20,1.0,0.1,0.0,0.5,0.9025269150430414,0.8876107237531653,0.8756952181911984,0.8625553709856035
20,1.0,0.1,0.0,0.1,0.9025269150430414,0.8876107237531653,0.8756952181911984,0.8625553709856035
20,1.0,0.1,0.05,1.0,0.9174021216899354,0.9069264741039266,0.8826512506227566,0.8707122093023255
20,1.0,0.1,0.05,0.5,0.9174021216899354,0.9069264741039266,0.8826512506227566,0.8707122093023255
20,1.0,0.1,0.05,0.1,0.9174021216899354,0.9069264741039266,0.8826512506227566,0.8707122093023255
50,0.1,0.0,0.0,1.0,0.9329493072816922,0.9206037905975814,0.9018028272323402,0.8829814968623109
50,0.1,0.0,0.0,0.5,0.9352193621825777,0.9236803095896867,0.9026592251261285,0.8841927371723884
50,0.1,0.0,0.0,0.1,0.9328883754550686,0.9205437760050568,0.8990973721216617,0.8803167681801403
50,0.1,0.0,0.05,1.0,0.9389854676094785,0.9283554386995917,0.9065689529394135,0.8892557216685124
50,0.1,0.0,0.05,0.5,0.9412555225103643,0.9314319576916971,0.9074253508332017,0.8904669619785899
50,0.1,0.0,0.05,0.1,0.941199466228054,0.9313773989712204,0.9049363764520739,0.8880444813584347
50,0.1,0.05,0.0,1.0,0.9359335856127495,0.9246345451357192,0.9124967881354601,0.8969269102990033
50,0.1,0.05,0.0,0.5,0.9382085160579485,0.9277165199998721,0.9135696667587989,0.8983803986710963
50,0.1,0.05,0.0,0.1,0.9358923623597922,0.9245818050392581,0.9106664202214793,0.8945851790328533
50,0.1,0.05,0.05,1.0,0.9419941814768131,0.93239866380241,0.9183478845412126,0.9037548449612403
50,0.1,0.05,0.05,0.5,0.9442691119220122,0.9354806386665632,0.9194207631645516,0.9052083333333333
50,0.1,0.05,0.05,0.1,0.9442315011454125,0.9354315358181339,0.9177507940629079,0.9030281007751938
50,0.1,0.1,0.0,1.0,0.9243707410570695,0.9093556328462423,0.9095376185067124,0.8930786267995571
50,0.1,0.1,0.0,0.5,0.9266456715022686,0.9124376077103954,0.9106104971300512,0.89453211517165
50,0.1,0.1,0.0,0.1,0.9243304628624853,0.9093038020617893,0.9077492124564576,0.8907772702104099
50,0.1,0.1,0.05,1.0,0.9393122603190052,0.9287586771497662,0.9194380202967605,0.9051114341085271
50,0.1,0.1,0.05,0.5,0.9415871907642042,0.9318406520139194,0.9205108989200993,0.9065649224806202
50,0.1,0.1,0.05,0.1,0.9415515863705914,0.9317937315143093,0.9189300159234746,0.9044815891472869
50,0.3,0.0,0.0,1.0,0.9344715515426609,0.9228846421958259,0.9203291042459782,0.9074404761904762
50,0.3,0.0,0.0,0.5,0.9346604496045137,0.9230901071867696,0.9204181903509971,0.9075373754152825
50,0.3,0.0,0.0,0.1,0.9384323151144737,0.9280130831613429,0.9218656773029674,0.909499584717608
50,0.3,0.0,0.05,1.0,0.9404479151579473,0.9305571022121156,0.9224401754372262,0.9101986434108528
50,0.3,0.0,0.05,0.5,0.9406368132198002,0.9307625672030594,0.9225292615422451,0.9102955426356588
50,0.3,0.0,0.05,0.1,0.9444086787297602,0.9356855431776326,0.9239767484942154,0.9122577519379845
50,0.3,0.05,0.0,1.0,0.9344703873101436,0.9228824598470069,0.9202774107552631,0.9073435769656699
50,0.3,0.05,0.0,0.5,0.9346592853719964,0.9230879248379503,0.9203664968602822,0.9074404761904762
50,0.3,0.05,0.0,0.1,0.9384386938442546,0.9280190846205955,0.9221489014904142,0.9097660575858251
50,0.3,0.05,0.05,1.0,0.9404646705591656,0.9305592845609348,0.923184137802526,0.9102955426356588
50,0.3,0.05,0.05,0.5,0.9406535686210182,0.9307647495518783,0.9232732239075448,0.910392441860465
50,0.3,0.05,0.05,0.1,0.9444329770932763,0.9356959093345234,0.925055628537677,0.9127180232558139
50,0.3,0.1,0.0,1.0,0.9228247392164726,0.9074973943305235,0.9152826213721605,0.9008305647840532
50,0.3,0.1,0.0,0.5,0.9230136372783252,0.9077028593214672,0.9153717074771794,0.9009274640088595
50,0.3,0.1,0.0,0.1,0.9267930457505835,0.912634019104112,0.9171541121073116,0.9032530454042081
50,0.3,0.1,0.05,1.0,0.9376999458633662,0.9268131446812847,0.9222386538037187,0.9089874031007752
50,0.3,0.1,0.05,0.5,0.9378888439252191,0.9270186096722283,0.9223277399087376,0.9090843023255815
50,0.3,0.1,0.05,0.1,0.9416682523974772,0.9319497694548731,0.9241101445388697,0.9114098837209301
50,1.0,0.0,0.0,1.0,0.9344715515426609,0.9228846421958259,0.9203291042459782,0.9074404761904762
50,1.0,0.0,0.0,0.5,0.9344715515426609,0.9228846421958259,0.9203291042459782,0.9074404761904762
50,1.0,0.0,0.0,0.1,0.9361649276315729,0.9249392921052613,0.9211277163577906,0.9084094684385382
50,1.0,0.0,0.05,1.0,0.9404479151579473,0.9305571022121156,0.9224401754372262,0.9101986434108528
50,1.0,0.0,0.05,0.5,0.9404479151579473,0.9305571022121156,0.9224401754372262,0.9101986434108528
50,1.0,0.0,0.05,0.1,0.9421412912468594,0.932611752121551,0.9232387875490385,0.9111676356589147
50,1.0,0.05,0.0,1.0,0.9344703873101436,0.9228824598470069,0.9202774107552631,0.9073435769656699
50,1.0,0.05,0.0,0.5,0.9344703873101436,0.9228824598470069,0.9202774107552631,0.9073435769656699
50,1.0,0.05,0.0,0.1,0.9361637633990556,0.9249371097564424,0.9210760228670755,0.908312569213732
50,1.0,0.05,0.05,1.0,0.9404646705591656,0.9305592845609348,0.923184137802526,0.9102955426356588
50,1.0,0.05,0.05,0.5,0.9404646705591656,0.9305592845609348,0.923184137802526,0.9102955426356588
50,1.0,0.05,0.05,0.1,0.9421580466480775,0.9326139344703703,0.9239827499143382,0.9112645348837208
50,1.0,0.1,0.0,1.0,0.9228247392164726,0.9074973943305235,0.9152826213721605,0.9008305647840532
50,1.0,0.1,0.0,0.5,0.9228247392164726,0.9074973943305235,0.9152826213721605,0.9008305647840532
50,1.0,0.1,0.0,0.1,0.9245181153053844,0.909552044239959,0.9160812334839729,0.9017995570321151
50,1.0,0.1,0.05,1.0,0.9376999458633662,0.9268131446812847,0.9222386538037187,0.9089874031007752
50,1.0,0.1,0.05,0.5,0.9376999458633662,0.9268131446812847,0.9222386538037187,0.9089874031007752
50,1.0,0.1,0.05,0.1,0.9393933219522782,0.9288677945907201,0.923037265915531,0.9099563953488371
